Feature,Importance
total_views,0.4367966709422317
total_events_in_session,0.29790912326389174
total_cart_adds,0.198386809105192
session_duration_seconds,0.06690739668868452
