Feature,Importance
total_views,0.43294550528734743
total_events_in_session,0.2849190904271196
total_cart_adds,0.21551474432858328
session_duration_seconds,0.06662065995694971
